mean,std,variance,rms,peak,peak_to_peak,crest_factor,kurtosis,skewness,data_no,fault,bearing,speed,force
-0.0018703393087999998,0.04514688053532883,0.0020382408220712533,0.045185606017860334,0.48828,0.8451599999999999,10.806096078627329,5.104373629363105,-0.2614092248947265,1,OK,NU204_E_metal_b,1000,1
-0.0018640514528,0.04442306723650976,0.001973408902699467,0.04446215908520585,0.47125,0.77172,10.598900496417901,5.295365300123988,-0.3492783917699655,2,OK,NU204_E_metal_b,1000,1
-0.0018840632415999998,0.04507060192520211,0.002031359157900032,0.04510996400129776,0.475,0.80984,10.529824408335479,4.992349505190856,-0.29118654830271945,3,OK,NU204_E_metal_b,1000,1
-0.0018966660032,0.045690128505723675,0.002087587842869543,0.04572947829133017,0.46031,0.8285899999999999,10.065935960771062,4.561456774272489,-0.2654185855843808,4,OK,NU204_E_metal_b,1000,1
-0.0018455689727999997,0.04519681128271369,0.002042751750125235,0.045234476618599195,0.61563,1.03454,13.609751809239892,7.046738921918575,-0.2925913400004294,5,OK,NU204_E_metal_b,1000,1
-0.0023500752095999998,0.18750868167205295,0.035159505702391285,0.18752340802119094,5.12,7.2489,27.303258052036995,172.20842405817427,-7.250678343256768,6,IR,NU204_E_metal_b,1000,1
-0.0017818769887999997,0.15728354969655992,0.02473811500515023,0.1572936428809297,3.4352,5.2163,21.839407728641802,101.1775515689877,-4.576176044926241,7,IR,NU204_E_metal_b,1000,1
-0.0022262122752,0.14154581212909872,0.02003521693128611,0.14156331782061465,2.978,4.4439,21.03652306152957,93.30821507543006,-4.377411690169663,8,IR,NU204_E_metal_b,1000,1
-0.0023177753376000003,0.14356608648915276,0.02061122118981089,0.14358479471144037,2.4389,3.9362,16.985781850379148,58.176704519803465,-2.991435092947433,9,IR,NU204_E_metal_b,1000,1
-0.0021330991296000003,0.1534553559526455,0.023548546270553132,0.1534701807598135,2.6728,4.2258,17.41576107337119,60.86619425820757,-3.1985965931382743,10,IR,NU204_E_metal_b,1000,1
-0.0017921136352000001,0.0446556604011792,0.001994128005865444,0.04469160633885197,0.20703,0.39203,4.632413487899664,0.2536981218666958,-0.014943706594945467,11,RE,NU204_E_metal_b,1000,1
-0.0018050967264,0.04647860975945213,0.0021602611651714387,0.04651364895773173,0.23734,0.4475,5.102588279317272,0.36507266310440123,0.00106227841704873,12,RE,NU204_E_metal_b,1000,1
-0.001814600496,0.04557808602461234,0.0020773619256669626,0.04561419406968675,0.33031,0.63672,7.241386299522716,1.1403699201491078,0.05559689404115541,13,RE,NU204_E_metal_b,1000,1
-0.0018303674688000002,0.04401415793372461,0.0019372460986148532,0.044052200213901854,0.30141,0.5534399999999999,6.842110008954377,0.5405925272915422,-0.034301465507972584,14,RE,NU204_E_metal_b,1000,1
-0.0018162770783999999,0.04589604645707384,0.00210644708038988,0.04593197081353468,0.26562,0.52109,5.782900130245017,0.4652489120473242,0.021046818637721596,15,RE,NU204_E_metal_b,1000,1
-0.0019334422528,0.05876676009580295,0.003453532092157658,0.05879855687942154,0.81281,1.4689,13.823638591451031,14.93467608466699,-0.4700796109388711,16,OK,NU204_E_metal_b,1000,2
-0.0019086786271999999,0.06439724259036053,0.004147004853241744,0.06442552217362055,0.76391,1.42813,11.857257407108575,11.282684767557797,-0.3932486869045177,17,OK,NU204_E_metal_b,1000,2
-0.0019411836000000002,0.06214222121978591,0.0038616556581288104,0.06217253293776698,0.85703,1.5564,13.784704587439984,17.675257479618367,-0.5007450936392904,18,OK,NU204_E_metal_b,1000,2
-0.0018573969632,0.062273198293882906,0.0038779512257492606,0.06230089204199379,0.77328,1.4020299999999999,12.412021315501745,11.979105669907367,-0.4560843543470387,19,OK,NU204_E_metal_b,1000,2
-0.0018017917280000002,0.059184582452316295,0.0035028148000550256,0.0592120026133732,0.76609,1.425,12.938086303248532,11.775641548523575,-0.28744375139391964,20,OK,NU204_E_metal_b,1000,2
-0.0022849015392,0.24596284577780855,0.06049772150311804,0.24597345848314994,4.6041,7.2288,18.7178731737652,71.17211895888404,-3.1015571652553025,21,IR,NU204_E_metal_b,1000,2
-0.0020580120224000004,0.2356772867890605,0.05554378350825307,0.2356862722386211,4.1555,6.5872,17.63148935459743,57.69204930442434,-2.830648485695492,22,IR,NU204_E_metal_b,1000,2
-0.0013910648128000003,0.24358658843971676,0.05933442606769996,0.2435905604267402,4.6494,7.0824,19.086946521469603,65.94917618184925,-2.922856345060967,23,IR,NU204_E_metal_b,1000,2
-0.0009790001696,0.24493389403575713,0.05999261244751951,0.24493585055857295,4.6245,6.8375,18.88045375739766,60.70527950356818,-2.977719367710394,24,IR,NU204_E_metal_b,1000,2
-0.0017961102111999996,0.2453837852075004,0.0602132020427607,0.2453903585201576,3.7338,6.0705,15.215756733544554,51.97621409557867,-2.5144055477417697,25,IR,NU204_E_metal_b,1000,2
-0.001792778208,0.05542202953945391,0.0030716013582721014,0.055451018132899786,0.40969,0.79813,7.388322411287265,2.7009280726804477,-0.023193490631989926,26,RE,NU204_E_metal_b,1000,2
-0.001839483392,0.05651741318685289,0.003194217993333453,0.05654734027770799,0.46375,0.8843799999999999,8.201093061539074,2.542178399533192,-0.010639164287372759,27,RE,NU204_E_metal_b,1000,2
-0.0017627755808,0.0538212634230882,0.002896728396457452,0.05385012325153691,0.35813,0.64454,6.6504954561971,1.5167971349147917,-0.032753289454780954,28,RE,NU204_E_metal_b,1000,2
-0.0018566894848000002,0.054975847815476285,0.0030223438430304088,0.05500719170138915,0.44094,0.79828,8.016042745713639,2.0658505337775086,-0.0064390889826854685,29,RE,NU204_E_metal_b,1000,2
-0.0018120159039999998,0.05435785546991787,0.0029547764512884806,0.054388048806009115,0.39141,0.6853199999999999,7.196617797341439,1.6454425208326882,-0.06594432705950184,30,RE,NU204_E_metal_b,1000,2
-0.0019021673792000001,0.022424261111143835,0.0005028474863807577,0.022504793425384962,0.23438,0.45922,10.414670135813111,4.530687136109539,-0.1224373315468966,31,OK,NU204_E_metal_b,500,1
-0.0018758600831999999,0.022734096606216916,0.0005168391485008035,0.02281135681086389,0.23687,0.43953,10.383862826045965,6.035746493983121,-0.2563897389358173,32,OK,NU204_E_metal_b,500,1
-0.0018996847936,0.021313551094830414,0.0004542674602719467,0.02139804342894419,0.22344,0.40844,10.44207619925486,3.408585510587649,-0.12675137253403432,33,OK,NU204_E_metal_b,500,1
-0.0019136567679999999,0.023164624010174696,0.000536599805532762,0.023243534321580148,0.24688,0.46047,10.621448381487646,4.633393751355481,-0.1650327821609161,34,OK,NU204_E_metal_b,500,1
-0.0018603659008,0.023641791721765663,0.0005589343158153474,0.023714874595919894,0.29313,0.49360000000000004,12.360596671695347,6.820090465464691,-0.2831807256602728,35,OK,NU204_E_metal_b,500,1
-0.0019914617728,0.08047693290238783,0.006476536729375433,0.08050156923543762,2.5733,3.7403000000000004,31.965836497845647,208.92824871147727,-6.431155753625618,36,IR,NU204_E_metal_b,500,1
-0.0019176251584,0.060901056467914175,0.0037089386789080706,0.060931239648937055,2.0527,3.00864,33.68879431678869,198.84292696520293,-5.76185820062745,37,IR,NU204_E_metal_b,500,1
-0.0019045522720000001,0.07420282750258497,0.005506059609378381,0.07422726539981897,1.5734,2.6064,21.197062717116307,125.99360619554895,-3.8915514485076574,38,IR,NU204_E_metal_b,500,1
-0.0019518897472000003,0.08105130752667276,0.0065693144517832815,0.08107480697089883,1.9466,2.9975,24.009924571250806,135.36292344985048,-4.719651616743679,39,IR,NU204_E_metal_b,500,1
-0.0019097832704,0.06435066922600015,0.004141008629834083,0.06437900202685642,1.895,2.9187000000000003,29.43506330230903,191.41108182426694,-4.641968542373609,40,IR,NU204_E_metal_b,500,1
-0.0017986390752,0.01953362007240907,0.0003815623131332225,0.019616253863978684,0.19156,0.3325,9.76537117271721,3.2764494535563697,0.07400617831053638,41,RE,NU204_E_metal_b,500,1
-0.0017779766111999998,0.01901326597992004,0.00036150428322318466,0.01909621648529255,0.13484,0.26031,7.061084592534367,1.4666297094551943,-0.06217620012546719,42,RE,NU204_E_metal_b,500,1
-0.0018050777696,0.019665712228521023,0.0003867402374550013,0.019748380774364905,0.12391,0.2425,6.274438467423407,1.9735408828968621,0.0007677262530472373,43,RE,NU204_E_metal_b,500,1
-0.0017915758304000002,0.01954937918625824,0.0003821782265681069,0.01963130078533209,0.17437,0.31,8.882243815971888,2.7329358519636067,0.03973113517087291,44,RE,NU204_E_metal_b,500,1
-0.0018066164736,0.019167921780710778,0.0003674092253914467,0.019252872213623855,0.13016,0.23922,6.760549727634677,1.2289816690667505,0.019979309910705782,45,RE,NU204_E_metal_b,500,1
-0.0018933875392,0.02352895624922084,0.0005536117821777484,0.023605014267128632,0.25453,0.46562,10.782878464701795,6.342636335904837,-0.265564647488,46,OK,NU204_E_metal_b,500,2
-0.0018952604127999999,0.02541360310558749,0.0006458512228083262,0.025484176165625854,0.44125,0.79109,17.314666055211816,21.617021857182944,-0.5300273186959051,47,OK,NU204_E_metal_b,500,2
-0.0019068357664,0.024565829688656598,0.0006034799882920819,0.024639724246267536,0.29734,0.5767100000000001,12.067505180990064,12.041618328707818,-0.3121419622386377,48,OK,NU204_E_metal_b,500,2
-0.0019135067071999999,0.022972532599578602,0.0005277372540387017,0.02305208801729685,0.26,0.49562,11.27880475750883,7.84381018102429,-0.17011523659067196,49,OK,NU204_E_metal_b,500,2
-0.0019056071392,0.02367471162073423,0.0005604919703249284,0.023751280152739102,0.37141,0.6906300000000001,15.637472911419783,12.558611719264094,-0.44428251506621785,50,OK,NU204_E_metal_b,500,2
-0.0021340782624000004,0.08413660986351727,0.007078969119325712,0.08416367036528147,3.1717,4.9464,37.68490592478206,259.6315436373334,-6.254404904583953,51,IR,NU204_E_metal_b,500,2
-0.002037808608,0.07202444976266903,0.005187521363615235,0.07205327215011179,1.3014,2.2245299999999997,18.0616363582869,85.9781845538783,-2.33806318359059,52,IR,NU204_E_metal_b,500,2
-0.0018866206752,0.07963572897465707,0.006341849329325036,0.07965807345710244,2.0795,3.2546999999999997,26.105326299660696,114.57126964713208,-3.0530205708885894,53,IR,NU204_E_metal_b,500,2
-0.0019173908095999998,0.058614686769657746,0.003435681505105091,0.05864603901903205,0.99328,1.70609,16.936864221599976,61.7327108875637,-2.032999521662732,54,IR,NU204_E_metal_b,500,2
-0.0019470731616,0.052368092029706985,0.0027424170628318604,0.05240427613018315,0.99141,1.62172,18.918494314035193,64.55414887930309,-2.318313373237882,55,IR,NU204_E_metal_b,500,2
-0.0018288299296,0.023496897411526697,0.00055210418796781,0.02356796144937467,0.24328,0.41266,10.322488032008172,2.153838933898493,-0.0076090841452529446,56,RE,NU204_E_metal_b,500,2
-0.0018116196576000003,0.024149530167236817,0.000583199807298281,0.02421738576069027,0.22703,0.40156000000000003,9.374670009531572,3.2148704296381485,0.05448420881307856,57,RE,NU204_E_metal_b,500,2
-0.0018304673824000002,0.023396413223278064,0.0005473921517143807,0.023467909207094077,0.26484,0.49609000000000003,11.2851979127285,3.1317414817916918,0.03800177041541558,58,RE,NU204_E_metal_b,500,2
-0.001805987536,0.024222711057591644,0.0005867397309795725,0.02428994281507801,0.21438,0.38297,8.825875039397925,3.085410982440231,-0.05022158548332543,59,RE,NU204_E_metal_b,500,2
-0.0017983950239999998,0.023452095306470272,0.0005500007742637649,0.023520948087313844,0.23672,0.44406,10.064220163288242,3.0639998072715464,0.015139199901268094,60,RE,NU204_E_metal_b,500,2
-0.0020515787296,0.024784429752026757,0.000614267958133149,0.024869196477105893,0.11078,0.209061,4.45450660627423,0.01042577642145659,-0.0254548578119655,61,OK,NU204_E_plastic_b,1000,1
-0.0020560102079999996,0.025620750883329674,0.0006564228758256383,0.02570311369855875,0.10297,0.19672,4.0061294210348475,0.08562675336840497,0.012553825085978167,62,OK,NU204_E_plastic_b,1000,1
-0.0020363411552,0.02438832791372359,0.0005947905384273092,0.024473193982961657,0.10609,0.198121,4.334947047527197,0.10429074854078646,-0.036342888790968614,63,OK,NU204_E_plastic_b,1000,1
-0.0020545591904,0.024692706208886354,0.0006097297399183747,0.02477803368682091,0.091094,0.180313,3.676401491392419,0.12478096655072335,-0.027073599663403936,64,OK,NU204_E_plastic_b,1000,1
-0.002015465376,0.024930704068226527,0.0006215400053374866,0.025012039221529725,0.094062,0.187812,3.760668978922512,-0.039289849076007854,0.0026653018636995816,65,OK,NU204_E_plastic_b,1000,1
-0.0021681940128,0.47330801657025323,0.2240204785496671,0.4733129827238466,3.963,5.9467,8.372895197578393,10.148324053369956,-1.8400258092990904,66,OR,NU204_E_plastic_b,1000,1
-0.0020217550592000013,0.4785940534952254,0.22905226804099063,0.4785983237899084,4.0725,6.402799999999999,8.509223283004468,9.848781673020804,-1.7997095253082558,67,OR,NU204_E_plastic_b,1000,1
-0.0018441612224,0.47420357461341534,0.22486903017614096,0.4742071605393103,3.8533,5.721,8.125773545084572,10.220883210988895,-1.8491780340202855,68,OR,NU204_E_plastic_b,1000,1
-0.0023208135392000003,0.47593069066825583,0.22651002231996303,0.4759363492059067,4.0925,5.9483,8.598838913708272,9.936551571323353,-1.8201776518986974,69,OR,NU204_E_plastic_b,1000,1
-0.0023712428960000003,0.4797895481675204,0.23019801053079336,0.4797954077767577,3.852,5.7222,8.02842198479791,10.347387883490809,-1.9013445597772605,70,OR,NU204_E_plastic_b,1000,1
-0.001369828624,0.10174323077475543,0.01035168500848514,0.10175245175888527,2.2641,3.6389,22.25106089202704,96.06059038566825,-3.263623614354637,71,RE,NU204_E_plastic_b,1000,1
-0.00143126616,0.0876785040469319,0.007687520071907854,0.08769018528164149,1.9339,3.0736,22.053779380083878,73.53328712161094,-2.514069432500185,72,RE,NU204_E_plastic_b,1000,1
-0.0013663521535999998,0.09534609208404067,0.009090877275698362,0.09535588180026447,1.9656,3.0789,20.613306309905557,80.15553710040341,-2.968589929211586,73,RE,NU204_E_plastic_b,1000,1
-0.0016829676959999999,0.10265263461093081,0.01053756339256527,0.1026664296293148,2.1762,3.8389,21.196802186044074,78.6056033120479,-2.954618606238785,74,RE,NU204_E_plastic_b,1000,1
-0.0015893698111999997,0.09163269590078076,0.008396550958044962,0.09164647867998921,1.8284,2.9417999999999997,19.950575584954002,60.62059516787669,-2.1784678020175696,75,RE,NU204_E_plastic_b,1000,1
-0.0017661714176000001,0.07269774223071444,0.005284961725443402,0.07271919338743897,1.2639,2.3001,17.38055582198355,51.99772023878675,-1.3411642092610754,76,IR,NU204_E_plastic_b,1000,1
-0.0017052077375999998,0.07886844763914717,0.006220232033008899,0.07888687955824637,1.4203,2.24655,18.0042613924324,50.276899404363576,-1.3806582208182947,77,IR,NU204_E_plastic_b,1000,1
-0.0018657261343999999,0.07892933567020655,0.006229840029340139,0.07895138354296727,1.3969,2.37706,17.69316682385652,48.28452753777382,-1.3540468939009636,78,IR,NU204_E_plastic_b,1000,1
-0.0017031952607999999,0.07803104564068952,0.006088844083779372,0.07804963137565599,1.2658,2.1658,16.217885692600575,45.165000435194514,-1.0185603785479063,79,IR,NU204_E_plastic_b,1000,1
-0.0018690396192,0.07962385729728648,0.006339958650898641,0.07964579059810242,1.4709,2.3376200000000003,18.468019325996178,52.81808847474039,-1.6844542774421343,80,IR,NU204_E_plastic_b,1000,1
-0.0020475456863999998,0.03140562841523965,0.0009863134961561083,0.03147230432450099,0.13672,0.27281,4.344136946259901,0.018465701015458524,-0.04143386993318618,81,OK,NU204_E_plastic_b,1000,2
-0.002084029072,0.03162889266415148,0.0010003868511604156,0.03169747668716481,0.12172,0.23281,3.8400533014442693,0.06377181735427939,-0.04158150394925305,82,OK,NU204_E_plastic_b,1000,2
-0.0020583770943999997,0.03162040044017688,0.0009998497239971384,0.03168732617719408,0.13469,0.26703,4.250595308888471,0.052792220680462076,-0.03574469510421443,83,OK,NU204_E_plastic_b,1000,2
-0.0020656247712000004,0.031173582369354035,0.0009717922377389007,0.031241943656474,0.12406,0.24765,3.9709437211756864,0.1257755855761702,-0.0484256692608215,84,OK,NU204_E_plastic_b,1000,2
-0.0020713689824000004,0.032035485530524745,0.0010262723331764601,0.032102381572676336,0.13609,0.25297,4.23924934328959,0.1604952815809324,-0.05007343238403559,85,OK,NU204_E_plastic_b,1000,2
-0.0019631427231999996,0.7776101464591912,0.6046775398762848,0.7776126245153407,4.5242,7.7414000000000005,5.818063978603458,3.691808301865114,-0.9602619123560363,86,OR,NU204_E_plastic_b,1000,2
-0.0024322532352,0.784702294029406,0.6157576902550123,0.7847060635109253,4.5273,7.5689,5.769421456671295,3.789920947523461,-0.9850892603048103,87,OR,NU204_E_plastic_b,1000,2
-0.002383888486399999,0.7888947567242056,0.6223549371869436,0.788898358542632,4.8397,7.8658,6.134757345598485,3.9449399214641554,-0.999432737857192,88,OR,NU204_E_plastic_b,1000,2
-0.0022419432576,0.794310088044565,0.6309285159693647,0.7943132519849678,4.8027,7.9204,6.04635512248874,3.9292717512580086,-1.0005954075675445,89,OR,NU204_E_plastic_b,1000,2
-0.0021422561119999986,0.7875969142586999,0.6203088993498259,0.7875998277114308,4.9008,7.907,6.222449304287567,3.936458002627413,-1.0054291496974717,90,OR,NU204_E_plastic_b,1000,2
-0.0016645956512,0.11245384662460674,0.012645867620670576,0.11246616602050846,1.7513,3.1557000000000004,15.571794273494186,57.00056974852179,-1.6812691658353875,91,RE,NU204_E_plastic_b,1000,2
-0.0016212628480000006,0.10687594061145805,0.01142246668158391,0.10688823684019778,1.7663,3.1835,16.524736979623768,46.00293666376979,-1.4840016863274021,92,RE,NU204_E_plastic_b,1000,2
-0.0015953924735999999,0.13145098309584471,0.017279360956864054,0.1314606642080013,1.9461,3.2710999999999997,14.803667787048589,47.40230985368481,-1.4187620777381635,93,RE,NU204_E_plastic_b,1000,2
-0.0014915431424000001,0.1078293742473942,0.011627173950584598,0.10783968959307254,1.6227,2.8266,15.04733559715513,45.5076147837636,-1.7038499024890605,94,RE,NU204_E_plastic_b,1000,2
-0.0017241137311999998,0.13344070729989813,0.017806422364697087,0.1334518449960704,1.8748,3.1803,14.048513155102539,41.85366125602853,-1.540062873463617,95,RE,NU204_E_plastic_b,1000,2
-0.0018101976352,0.12383838814681401,0.015335946378800964,0.12385161764902164,1.7045,2.8197,13.762436311734879,28.490574754930893,-0.8271224439358933,96,IR,NU204_E_plastic_b,1000,2
-0.0016514946432,0.131542998086866,0.017303560345681236,0.13155336476212898,1.8055,3.0519,13.724468418308064,28.303006745747773,-0.7366989484504939,97,IR,NU204_E_plastic_b,1000,2
-0.0019015190975999999,0.13161156747673267,0.017321604693682557,0.1316253032990279,1.9312,3.637,14.671950997238556,40.152950002116334,-1.1308490631541475,98,IR,NU204_E_plastic_b,1000,2
-0.0017359493888,0.12873540168768238,0.016572803647688938,0.1287471054741403,2.4906,3.8686,19.3449009267261,46.10803282294113,-1.3486678662113916,99,IR,NU204_E_plastic_b,1000,2
-0.0020383207936,0.13333611860897684,0.01777852052570714,0.13335169769209826,1.7389,2.9695,13.039953972052343,30.11535529830087,-1.0470371925944606,100,IR,NU204_E_plastic_b,1000,2
-0.002036875024,0.007490812929370379,5.611227834282244e-05,0.007762804789907926,0.046719,0.087813,6.018314419130734,0.6356120727692032,-0.03223581143766302,101,OK,NU204_E_plastic_b,500,1
-0.002064448592,0.007376723918001493,5.44160557624153e-05,0.0076601569012276815,0.036719,0.072188,4.793504946891506,0.358673081731391,-0.030783908507122638,102,OK,NU204_E_plastic_b,500,1
-0.0020364662336000003,0.007726454515148515,5.9698099374658875e-05,0.007990325030638732,0.042344,0.081719,5.299408952405919,0.3663704708559927,0.021424554663910373,103,OK,NU204_E_plastic_b,500,1
-0.0020513158912,0.008075969280259014,6.522127981568731e-05,0.008332417218381289,0.056719,0.09984399999999999,6.807028322451022,0.811819600834498,0.096048413819545,104,OK,NU204_E_plastic_b,500,1
-0.0020474578912,0.007852212317221066,6.165723827471822e-05,0.008114759521449503,0.048125,0.088281,5.930551592168889,0.62794374125939,0.00044793815622828974,105,OK,NU204_E_plastic_b,500,1
-0.0021300594464,0.09642857241153474,0.009298469577326598,0.09645209552193149,0.98156,1.6307800000000001,10.17665810875836,11.83095793754047,-1.028473682476843,106,OR,NU204_E_plastic_b,500,1
-0.002053292336,0.09783581457650364,0.009571846613848004,0.09785735855450566,0.90406,1.63218,9.238548979394809,11.83752490070625,-0.9469012495636798,107,OR,NU204_E_plastic_b,500,1
-0.0020920431936000006,0.09401584564452303,0.00883897923225478,0.0940391188653885,0.90359,1.5992199999999999,9.608660852016662,11.425092525146702,-0.967728061506074,108,OR,NU204_E_plastic_b,500,1
-0.0021166185759999997,0.09704803116361084,0.009418320352733182,0.0970711101560575,0.95531,1.64953,9.841342068347469,11.513490556687495,-0.9857467178020609,109,OR,NU204_E_plastic_b,500,1
-0.0021937673696,0.09527961890739288,0.009078205779138019,0.0953048707800915,1.1869,2.10612,12.453718160309755,11.89346528242219,-0.9845257008167118,110,OR,NU204_E_plastic_b,500,1
-0.001381193968,0.028316017983816073,0.0008017968744597952,0.02834968379430421,0.41547,0.82141,14.655189913739811,27.900217453206846,-0.696786485406553,111,RE,NU204_E_plastic_b,500,1
-0.0013349594624000002,0.029349015042832213,0.0008613646839843916,0.02937936011472413,0.57797,1.07891,19.67265446705006,42.17298208355825,-0.8261048962081806,112,RE,NU204_E_plastic_b,500,1
-0.0014245427264,0.02971609733951839,0.000883046441091732,0.029750222907922404,0.71844,1.2631299999999999,24.149062755717416,62.26647123513828,-1.2908145632705412,113,RE,NU204_E_plastic_b,500,1
-0.0013661971232,0.02794423122921908,0.0007808800589920629,0.027977608074521,0.44063,0.7859400000000001,15.74938067708792,26.898854794023638,-0.45041012841111155,114,RE,NU204_E_plastic_b,500,1
-0.0013246806848,0.029784577563397106,0.0008871210606300183,0.029814020855072544,0.41063,0.79313,13.773050002081003,26.67358803659485,-0.3759976177145421,115,RE,NU204_E_plastic_b,500,1
-0.0017651331264,0.033117338443079694,0.0010967581055534841,0.03316434532004814,0.74047,1.32235,22.32729133815825,83.07861308357361,-1.4756915787768126,116,IR,NU204_E_plastic_b,500,1
-0.0017576068959999998,0.036698654195867826,0.0013467912197878873,0.036740718580190485,0.85297,1.6473499999999999,23.21593134163403,98.81958808571983,-1.3624630201231271,117,IR,NU204_E_plastic_b,500,1
-0.0017921950847999998,0.039172652469685536,0.00153449670151076,0.03921362855861137,0.78125,1.37641,19.92292039060579,79.5042989286425,-1.3677555364299465,118,IR,NU204_E_plastic_b,500,1
-0.0017391935360000002,0.03877242934880314,0.0015033012776079313,0.038811416770888375,0.85328,1.49234,21.98528348081401,102.86371025292758,-1.8310511775433473,119,IR,NU204_E_plastic_b,500,1
-0.0017586452512000001,0.036474253989549454,0.0013303712040941642,0.03651662685974339,0.92266,1.51328,25.266846347660813,95.82481127926067,-1.7028682473543293,120,IR,NU204_E_plastic_b,500,1
-0.0020651266207999995,0.008038195880406319,6.46125930117811e-05,0.008299237372898664,0.067813,0.112969,8.170991737318515,0.9501654369498995,0.1004964521381062,121,OK,NU204_E_plastic_b,500,2
-0.0020579767392000002,0.008159249546165493,6.657335315660182e-05,0.008414785880561078,0.056719,0.095625,6.740397296504722,0.6873782937173374,0.02867209741111236,122,OK,NU204_E_plastic_b,500,2
-0.00204697648,0.008181356823967492,6.693459948107946e-05,0.008433546833376373,0.044531,0.081875,5.280222056011516,0.3548589389833774,0.05409782419775313,123,OK,NU204_E_plastic_b,500,2
-0.0020501559743999996,0.008151188707041465,6.64418773378003e-05,0.00840505900378863,0.082656,0.129375,9.834077305435013,1.5011975883576811,0.08856658557300559,124,OK,NU204_E_plastic_b,500,2
-0.002045798608,0.008457769589793818,7.15338664340411e-05,0.008701675607521567,0.069688,0.131407,8.008572502951385,1.1258283688234858,0.06813480244768094,125,OK,NU204_E_plastic_b,500,2
-0.0020791228096,0.13093255758276437,0.017143334635163907,0.1309490640929568,1.3967,2.37139,10.665979246774338,11.585559764602381,-1.0344292105374462,126,OR,NU204_E_plastic_b,500,2
-0.0021769998496,0.13343775954866569,0.01780563567336752,0.13345551693996274,1.4334,2.42277,10.740657507960796,11.78763114895734,-1.0607731266482068,127,OR,NU204_E_plastic_b,500,2
-0.0020631326208,0.1279651157872223,0.01637507085843721,0.1279817462556603,1.5312,2.5732,11.964206184069619,12.738968644211981,-1.156770522133168,128,OR,NU204_E_plastic_b,500,2
-0.0022672307999999997,0.12957062393884508,0.01678854658790161,0.1295904584581831,1.498,2.5619,11.559493019953951,12.09301703135999,-1.1597243203292773,129,OR,NU204_E_plastic_b,500,2
-0.0020641850432,0.1308262899662035,0.017115518146321156,0.13084257337049637,1.5981,2.57669,12.213914468609456,12.227944827103668,-1.0927899452659033,130,OR,NU204_E_plastic_b,500,2
-0.0016527412992,0.03545204270329773,0.0012568473318364456,0.0354905464263165,0.59359,1.1565599999999998,16.72529898158594,53.84034330740612,-0.7152697416333321,131,RE,NU204_E_plastic_b,500,2
-0.0016404705984000001,0.03618968994703833,0.001309693658462767,0.036226851950548804,0.64562,1.20093,17.821587171893896,48.16908284723769,-0.7502934734702268,132,RE,NU204_E_plastic_b,500,2
-0.0014791989088,0.03286193282292627,0.0010799066288585191,0.032895207223398275,0.60547,1.17219,18.406024801367742,50.42760070819832,0.005747302314227054,133,RE,NU204_E_plastic_b,500,2
-0.0015759029696,0.03397370057910179,0.0011542123310384613,0.034010230831443285,0.58516,1.12063,17.205411010001303,37.03112889588763,-0.4080081286812321,134,RE,NU204_E_plastic_b,500,2
-0.0014469512704000003,0.03388663832751822,0.0011483042571400265,0.03391751649397312,0.635,1.17953,18.721889620451268,48.73187951429796,-0.5540812382346454,135,RE,NU204_E_plastic_b,500,2
-0.0017202905984,0.04353612288276575,0.00189539399566328,0.04357009749135551,0.66062,1.12656,15.162233688622566,35.96255218790105,-0.4629518195155536,136,IR,NU204_E_plastic_b,500,2
-0.0017873833248,0.038047454649430976,0.0014476088053005068,0.0380894151234996,0.69172,1.18484,18.160425875724126,53.9135891224769,-1.0453617579671473,137,IR,NU204_E_plastic_b,500,2
-0.0017553115456000001,0.04047368345373844,0.0016381190523134205,0.04051172880704472,0.58062,1.02359,14.332145704407314,36.78056733598504,-0.4740177329497761,138,IR,NU204_E_plastic_b,500,2
-0.0017341108672,0.0371827512281764,0.0013825569888964537,0.03722316656863297,0.50531,0.92906,13.575148129009856,32.64069568222993,-0.5512039057323854,139,IR,NU204_E_plastic_b,500,2
-0.0018061093599999998,0.03588697834415806,0.00128787521467407,0.035932398273624176,0.52828,1.0146899999999999,14.702052336645137,41.14836000278978,-0.4554138223838209,140,IR,NU204_E_plastic_b,500,2
-0.0019024968832,0.01983166871898369,0.0003932950841795161,0.019922715140514902,0.11875,0.21375,5.9605329475654445,0.5882877017939259,0.0025903602416442613,141,OK,NU204_E_plastic_a,1000,1
-0.0018334770720000002,0.01924550474374204,0.00037038945284139735,0.019332643146112924,0.099531,0.189218,5.148338964711712,0.48533361057117075,0.05318836058486405,142,OK,NU204_E_plastic_a,1000,1
-0.0016991073983999999,0.02009631466564217,0.00040386186314050464,0.02016801500127869,0.11531,0.205779,5.717468972166528,0.8194363447619568,0.07905425152672871,143,OK,NU204_E_plastic_a,1000,1
-0.0019558172864,0.01953097262917004,0.00038145889184138925,0.01962865540731637,0.14125,0.25218999999999997,7.196111861403944,1.0091046932710936,-0.061003077602515964,144,OK,NU204_E_plastic_a,1000,1
-0.0020871629984000003,0.02057844876287752,0.0004234725534863753,0.020684022888893386,0.10813,0.204067,5.2277064563713145,0.6406885753189817,-0.007784486425132864,145,OK,NU204_E_plastic_a,1000,1
-0.0018105852736000005,0.20635391777219236,0.04258193937993272,0.2063618608148456,1.5456,2.5851,7.489756071674317,4.46953506708352,-0.3177689661467043,146,OR,NU204_E_plastic_a,1000,1
-0.0017854624063999994,0.20874501284823843,0.043574480389011225,0.2087526485221586,1.5183,2.6470000000000002,7.27320113420662,4.737363413229441,-0.3255411229716414,147,OR,NU204_E_plastic_a,1000,1
-0.0015923434400000006,0.20454382038237287,0.04183817445661641,0.20455001836775114,1.4873,2.6571,7.271082211911863,4.773800950112719,-0.2985833144820209,148,OR,NU204_E_plastic_a,1000,1
-0.0021276513184,0.20842795863725877,0.043442213941694854,0.208438817982226,1.5097,2.6405000000000003,7.242892732814937,4.807368820207546,-0.3143978757174926,149,OR,NU204_E_plastic_a,1000,1
-0.0020310883775999998,0.20513280430420974,0.04207946740170921,0.20514285929982265,1.4891,2.5253,7.258843934819268,4.882478436260323,-0.3069911646064431,150,OR,NU204_E_plastic_a,1000,1
-0.0024718550975999995,0.19650442742647384,0.038613989998206324,0.19651997370707602,2.5209,4.8632,12.82770373131406,29.029636611901502,-0.7802340168969948,151,IR,NU204_E_plastic_a,1000,1
-0.0027468477728,0.19683655957582355,0.03874463118564673,0.19685572472837476,2.5439,4.8259,12.922662033375564,29.02244289667148,-0.9573706208490468,152,IR,NU204_E_plastic_a,1000,1
-0.002988948528,0.19596912761781687,0.0384038989792882,0.19599192022272557,2.3842,4.3755,12.164787187607482,28.56461472090703,-0.8975707743654239,153,IR,NU204_E_plastic_a,1000,1
-0.0015460254816000002,0.20203889565589003,0.040819715357851616,0.20204481075405373,2.677,5.062200000000001,13.249536031186043,28.525184869607397,-0.8351343670239539,154,IR,NU204_E_plastic_a,1000,1
-0.0012887648864000002,0.19634689261564725,0.03855210223982051,0.19635112211228367,2.6644,4.8372,13.569568492083071,31.9048657772844,-0.570907599136552,155,IR,NU204_E_plastic_a,1000,1
-0.0021273632256000002,0.2392044957459305,0.05721879078506488,0.23921395540260296,3.6336,5.7148,15.189749251395313,34.63278556027696,-1.9018301062458807,156,RE,NU204_E_plastic_a,1000,1
-0.0019011125056000002,0.22867983624215912,0.05229446750374071,0.22868773848306706,3.1844,5.230700000000001,13.924664352897896,33.99105835600908,-1.6750401113990494,157,RE,NU204_E_plastic_a,1000,1
-0.0019168843104000006,0.2497248454724052,0.06236249844621665,0.24973220235219187,3.3692,5.4104,13.49125170188701,32.20124196090139,-1.7540041975677962,158,RE,NU204_E_plastic_a,1000,1
-0.002032729008,0.23916384955161415,0.057199346932347135,0.23917248779817277,3.4584,5.2036,14.459857117505894,35.939825074907944,-1.9956515776652712,159,RE,NU204_E_plastic_a,1000,1
-0.0015592692095999993,0.24370997653020499,0.05939455266035306,0.24371496462224282,3.4817,5.1626,14.285950825369383,30.96349034602813,-1.7239456569160063,160,RE,NU204_E_plastic_a,1000,1
-0.001929764816,0.023606852968945227,0.0005572835070973981,0.023685596875368576,0.11563,0.22843999999999998,4.881869796587115,0.3833948693049263,-0.015747559231788322,161,OK,NU204_E_plastic_a,1000,2
-0.0020376321823999998,0.023672624945596035,0.0005603931718148557,0.023760158179726158,0.12703,0.23,5.346344878646092,0.3220724047854362,0.0007409028573867212,162,OK,NU204_E_plastic_a,1000,2
-0.0018801894239999998,0.024085895889761476,0.0005801303808124287,0.024159169958476435,0.10375,0.20546999999999999,4.294435619200505,0.3729122326665224,-0.01677999037063324,163,OK,NU204_E_plastic_a,1000,2
-0.0016068166496,0.02356950467461726,0.0005555215506068048,0.023624212375277967,0.11406,0.21655999999999997,4.828097470007524,0.36432681037773307,-0.010004878729070991,164,OK,NU204_E_plastic_a,1000,2
-0.0018962674207999998,0.02409532870150634,0.000580584865233635,0.024169830271742136,0.14078,0.24406,5.824616822592719,0.5204878577695631,-0.04259751561667119,165,OK,NU204_E_plastic_a,1000,2
-0.0020021256608,0.3534492020307099,0.12492633841614559,0.35345487254147057,1.8664,3.3597,5.28044778836941,2.1654548909100484,-0.25321307018929523,166,OR,NU204_E_plastic_a,1000,2
-0.0020751760607999998,0.3604738848681693,0.12994142167195016,0.3604798580054557,2.0591,3.6216,5.712108330803982,2.138280254607439,-0.25320259730833306,167,OR,NU204_E_plastic_a,1000,2
-0.0017494020736,0.3639189763646015,0.13243702135825938,0.3639231811328793,1.9141,3.4541,5.25962647952647,2.1178337341264095,-0.24974220886520593,168,OR,NU204_E_plastic_a,1000,2
-0.002111815424,0.3617880019338125,0.13089055834326033,0.36179416538640496,1.7589,3.2706,4.861604106084608,2.0890285214945594,-0.25989348291483644,169,OR,NU204_E_plastic_a,1000,2
-0.00217818672,0.3606346709755463,0.13005736590964054,0.3606412488984416,1.9056,3.4370000000000003,5.28392136457088,2.1202664364744175,-0.2683999156429043,170,OR,NU204_E_plastic_a,1000,2
-0.001280851584,0.2895326940567643,0.08382918092776788,0.289535527195797,3.3872,6.762700000000001,11.69873705242888,19.719671598529512,-0.3420432739421031,171,IR,NU204_E_plastic_a,1000,2
-0.002113842256,0.29579315948593315,0.0874935931986707,0.2958007125207002,3.7683,6.8049,12.73932022640511,18.40752168449542,-0.510473348584892,172,IR,NU204_E_plastic_a,1000,2
-0.0025692892415999993,0.2842763850281791,0.08081306308468952,0.284287995405885,3.0045,5.432,10.568508162683413,18.05379260217987,-0.6223407770113195,173,IR,NU204_E_plastic_a,1000,2
-0.0021244593407999997,0.29618267997297637,0.08772417991597453,0.29619029903672617,3.3784,6.3279,11.406180455562776,18.9056770564525,-0.42301832949463425,174,IR,NU204_E_plastic_a,1000,2
-0.001373147491199999,0.29635615579066227,0.08782697107501927,0.2963593369695847,3.4442,6.4947,11.62170234020154,19.95674671791234,-0.4835723074048757,175,IR,NU204_E_plastic_a,1000,2
-0.002001895536,0.3137230132835499,0.09842212906371042,0.3137294003587287,4.027,6.451700000000001,12.835902517887687,16.506816723411212,-0.7980298381238082,176,RE,NU204_E_plastic_a,1000,2
-0.0019015854976000006,0.292693145589176,0.08566927747488656,0.29269932268847365,3.9952,6.5986,13.6495020326787,17.753332300031307,-0.9047061684441184,177,RE,NU204_E_plastic_a,1000,2
-0.0019129247839999998,0.2823801854266678,0.07973856912159931,0.28238666470431734,3.6452,5.8916,12.90854156947118,17.2038894708398,-0.8704791687315255,178,RE,NU204_E_plastic_a,1000,2
-0.0021256416416,0.27891235096574424,0.0777920995212385,0.27892045079847944,3.3697,5.6856,12.081222407153696,18.39413212624445,-0.9162998235218387,179,RE,NU204_E_plastic_a,1000,2
-0.001925493568,0.26948502842835786,0.07262218054703284,0.2694919072486468,3.2245,5.385,11.965108833583317,20.84191739089974,-0.9763794412466414,180,RE,NU204_E_plastic_a,1000,2
-0.0016107364608000001,0.011240982231204255,0.0001263596815222498,0.011355798231229734,0.080625,0.150781,7.099897194216792,2.2207477492199503,0.2037843611125267,181,OK,NU204_E_plastic_a,500,1
-0.0017301362815999998,0.011261750605041764,0.00012682702669015853,0.011393875470754768,0.083438,0.15484399999999998,7.3230570418436205,2.2676610286602896,0.11006167082887966,182,OK,NU204_E_plastic_a,500,1
-0.0018826690624,0.01143798602884416,0.00013082752439603422,0.011591892304302708,0.11156,0.172498,9.623967948579965,2.438743510365886,-0.1401483572903962,183,OK,NU204_E_plastic_a,500,1
-0.0018172863200000002,0.01112410981510362,0.0001237458191784847,0.011271572594245395,0.081094,0.155,7.194559527691979,1.916419324862252,0.028812483395087803,184,OK,NU204_E_plastic_a,500,1
-0.0018933168192,0.011162975315108467,0.00012461201788572097,0.01132239667489117,0.094531,0.187812,8.349027393611312,2.90574644917083,0.01952090196092409,185,OK,NU204_E_plastic_a,500,1
-0.0018603192544,0.06001728437666828,0.00360207442394987,0.06004610904694959,0.69969,1.31047,11.652545204101697,15.092653888373881,0.0965186806469177,186,OR,NU204_E_plastic_a,500,1
-0.0018693772928000001,0.05854097091757928,0.003427045275972863,0.05857081054105107,1.1189,1.9367100000000002,19.103372305489714,26.26551175843625,0.3613648054549319,187,OR,NU204_E_plastic_a,500,1
-0.0021570770080000003,0.05925484034704272,0.0035111361045535214,0.05929408980473487,0.98516,1.6139100000000002,16.614809389001383,20.65820215838152,0.3769089036034626,188,OR,NU204_E_plastic_a,500,1
-0.0020560048992,0.05856889520253922,0.003430315485246021,0.0586049711320768,1.0442,1.93029,17.81760113227781,27.55015626824717,0.2885788891681448,189,OR,NU204_E_plastic_a,500,1
-0.001919207968,0.05354363483726313,0.0028669208315861778,0.05357801966115034,0.72938,1.3836,13.6134184244379,16.41903634006209,-0.2989893119745134,190,OR,NU204_E_plastic_a,500,1
-0.001938004896,0.08193354068354032,0.0067131050889413565,0.0819564576584315,1.6003,2.7998000000000003,19.526222163841467,56.20014964188063,-0.5434665963085787,191,IR,NU204_E_plastic_a,500,1
-0.0017819186751999998,0.07813684502629753,0.006105366550663637,0.07815716080327292,1.8094,3.1254999999999997,23.15078978565236,79.77608093982906,-0.23139622594507744,192,IR,NU204_E_plastic_a,500,1
-0.0017972073472000002,0.07158616621430566,0.005124579193262197,0.07160872256583709,1.168,2.1351899999999997,16.310862114962884,55.40380497622284,-0.036034732101472663,193,IR,NU204_E_plastic_a,500,1
-0.0021405721856,0.07036954859365936,0.004951873369275387,0.07040209811189686,1.4952,2.7332,21.238003413243938,64.70607848030316,-1.2838532388024064,194,IR,NU204_E_plastic_a,500,1
-0.0017849960544,0.07911397447732325,0.006259020957598555,0.07913410875540824,1.1639,2.2911,14.70794349371447,38.75927551552925,-0.35645535272262086,195,IR,NU204_E_plastic_a,500,1
-0.0019089050079999998,0.09004287297823502,0.008107718974174566,0.09006310505697732,0.99219,1.79672,11.016608847455384,23.475364764872634,-0.21684967929848528,196,RE,NU204_E_plastic_a,500,1
-0.00199452864,0.0804567188074928,0.006473283601267966,0.08048143727446562,0.89969,1.54453,11.178851055204067,21.226769646422746,-0.3224676203842485,197,RE,NU204_E_plastic_a,500,1
-0.0019433835455999998,0.0745746486258535,0.005561378217669513,0.07459996620156621,1.1564,1.87078,15.501347505647017,25.47582493720836,-0.31538017821186637,198,RE,NU204_E_plastic_a,500,1
-0.0019854599808,0.06459614922486737,0.004172662494681333,0.06462665507371314,0.73156,1.40484,11.319787464871622,24.930188530151653,0.022531731190667082,199,RE,NU204_E_plastic_a,500,1
-0.0020026947776,0.07397847700627148,0.005472815060167438,0.07400557983381838,1.2314,2.12499,16.63928588580947,29.155512403812658,-0.32934057114904663,200,RE,NU204_E_plastic_a,500,1
-0.0018900971968000002,0.012284470956529148,0.00015090822668180814,0.012429026273009458,0.075156,0.13874999999999998,6.046813189477825,0.7648831234178637,0.025123497462257994,201,OK,NU204_E_plastic_a,500,2
-0.0018465956000000001,0.012209501160483882,0.00014907191858785728,0.012348353489344101,0.063594,0.114219,5.149998342279225,0.4311093830742827,-0.03909358894685087,202,OK,NU204_E_plastic_a,500,2
-0.0019096762336,0.0120873326969879,0.0001461036117276728,0.012237257660311375,0.089219,0.1725,7.290767464132143,1.269665161202636,-0.05407514663333934,203,OK,NU204_E_plastic_a,500,2
-0.001815985984,0.012709328361691832,0.00016152702740530436,0.012838412382354324,0.090938,0.145938,7.083274574120175,1.0620263722760566,-0.05273093386990159,204,OK,NU204_E_plastic_a,500,2
-0.0018763754432000001,0.012046028058115535,0.00014510679197690673,0.012191291021903741,0.057656,0.10875,4.729277637324146,0.5377952385775964,-0.0347209759426285,205,OK,NU204_E_plastic_a,500,2
-0.0019849873664,0.07000913047377678,0.0049012783496943015,0.07003726525599832,1.1156,1.91419,15.928663061332976,16.449614940460233,0.18920976435372058,206,OR,NU204_E_plastic_a,500,2
-0.00187609216,0.07202049402456459,0.005186951559542344,0.07204492543777916,1.1789,2.00062,16.363400931244556,13.142456983344946,0.20829058385820834,207,OR,NU204_E_plastic_a,500,2
-0.001828526544,0.06639351209419016,0.004408098448201375,0.06641868680968849,0.61109,1.19984,9.200573352962774,8.047799700637539,-0.05597606317428923,208,OR,NU204_E_plastic_a,500,2
-0.0018902920640000002,0.07145919015594186,0.005106415857743059,0.07148418749506971,0.91844,1.60969,12.848156105339312,11.310185048221662,-0.2745442591908309,209,OR,NU204_E_plastic_a,500,2
-0.001896485504,0.06702748967647061,0.004492684372329375,0.06705431402673699,0.84172,1.6051600000000001,12.552809050650726,11.407149560828081,-0.10954694907086716,210,OR,NU204_E_plastic_a,500,2
-0.002248846176,0.09097553870361201,0.008276548642412408,0.09100332934313843,1.4814,2.8226,16.278525309928085,34.75087441679652,-0.6639087961482881,211,IR,NU204_E_plastic_a,500,2
-0.0017346951583999998,0.09784728727126994,0.009574091626346424,0.09786266291921042,1.7213,3.3600000000000003,17.58893482615533,54.76413477363517,-0.9388514461668193,212,IR,NU204_E_plastic_a,500,2
-0.0021750067744,0.0961554604125381,0.009245872567147182,0.09618005625708413,1.7153,3.0366999999999997,17.83425864729269,34.08784201388437,-0.24554002012384968,213,IR,NU204_E_plastic_a,500,2
-0.0019925300384,0.09240083134649338,0.008537913633523114,0.09242231229241692,1.5264,2.8806000000000003,16.515492440511448,39.259118384476565,-0.49848024803586394,214,IR,NU204_E_plastic_a,500,2
-0.0018964596928000002,0.09888699053755112,0.009778636897573724,0.09890517406556716,1.8831,3.5244,19.039448823492666,49.62224122078669,-0.07482916492640034,215,IR,NU204_E_plastic_a,500,2
-0.002017904672,0.07543838454408963,0.0056909498626219425,0.07546536822865985,0.97859,1.90468,12.967405088846517,30.700233630344336,-0.13597567318487186,216,RE,NU204_E_plastic_a,500,2
-0.002031372288,0.081607709983289,0.006659818328716608,0.08163298844271881,1.1127,2.00458,13.630519000058076,22.915165633446964,-0.003135643709250173,217,RE,NU204_E_plastic_a,500,2
-0.0019587180576,0.0765597642124148,0.005861397496260549,0.07658481620197125,0.77531,1.53359,10.123547178795006,24.016751398119375,-0.1387831630422882,218,RE,NU204_E_plastic_a,500,2
-0.0020382898016000003,0.08235028109645122,0.006781568796664531,0.08237550255980135,1.3511,2.6186,16.401720875926127,34.39695756380737,-0.11392536509727014,219,RE,NU204_E_plastic_a,500,2
-0.0020159788288000003,0.08519772657035542,0.0072586526127570465,0.08522157463574125,1.152,2.2267,13.517703761329708,28.38979248587984,-0.33845958046753083,220,RE,NU204_E_plastic_a,500,2
-0.0015903406367999999,0.053384922353324954,0.002849949934670534,0.05340860528053126,0.24953,0.46812,4.672093545400253,0.1783590014313563,-0.03576819356456288,221,OK,STO20_b,1000,1
-0.0017064846431999999,0.054543713978735996,0.0029750167345941607,0.054570402458032484,0.24219,0.45735,4.438120099741923,0.1632178654132348,-0.004254140622852917,222,OK,STO20_b,1000,1
-0.0016610739648,0.05312467648032783,0.002822231251139497,0.053150638922368876,0.28062,0.5396799999999999,5.279710755873882,0.3828758790553066,-0.04042744058579656,223,OK,STO20_b,1000,1
-0.0014632442880000002,0.053343558311512385,0.002845535213333722,0.05336362335130633,0.21609,0.42812,4.0493876995087925,0.24605039292597963,-0.02069139987934466,224,OK,STO20_b,1000,1
-0.0017357010656,0.05228968942117514,0.0027342116197629548,0.052318488872979504,0.23719,0.455,4.533578952860383,0.19951256002915052,-0.047584360629617815,225,OK,STO20_b,1000,1
-0.002202716447999999,0.21898850340774167,0.04795596462476249,0.2189995812427795,2.3945,3.6178999999999997,10.933810861243131,13.463073049256284,-1.5036929484473431,226,OR,STO20_b,1000,1
-0.0024920888320000005,0.2298402184309251,0.052826526008375355,0.22985372852125313,2.5253,3.8492,10.986552257587162,14.18987078997301,-1.5721785414294533,227,OR,STO20_b,1000,1
-0.0012732620672000008,0.2348833989065764,0.055170211081905896,0.23488684994736864,2.3863,3.9646999999999997,10.15935971100426,12.84234364120153,-1.4174257051739427,228,OR,STO20_b,1000,1
-0.0023926236992000004,0.22498522373843774,0.05061835090063489,0.2249979456546234,3.2584,5.0036000000000005,14.481910003754937,18.744538191444512,-1.7847970785181742,229,OR,STO20_b,1000,1
-0.002213559337599999,0.22929993924306094,0.052578462136871444,0.22931062335141067,2.7955,4.1614,12.190887448402215,14.356297737972923,-1.59194539405141,230,OR,STO20_b,1000,1
-0.0020955799008,0.1516315038289238,0.022992112953420935,0.15164598381935993,2.343,4.2338000000000005,15.4504586339126,47.79254960974933,-1.231755960124837,231,IR,STO20_b,1000,1
-0.0018780268223999998,0.15552205528683313,0.02418710968064078,0.1555333940521663,2.0114,3.8002000000000002,12.932270990790386,30.47653823334771,-1.1810806353152439,232,IR,STO20_b,1000,1
-0.0018258053247999996,0.1585797264755996,0.025147529649075986,0.1585902368185383,2.4167,4.2822,15.238642986360064,33.6295473692285,-1.2796148659152649,233,IR,STO20_b,1000,1
-0.001716200848,0.16936429042529394,0.028684262871263317,0.1693729854983196,3.1681,5.3284,18.704871917319018,53.417439793303544,-1.9842708491319627,234,IR,STO20_b,1000,1
-0.0017925382783999997,0.17150544833426024,0.029414118808335606,0.17151481569186708,3.1822,6.1198999999999995,18.553499224912112,55.2585980284157,-1.137210827400794,235,IR,STO20_b,1000,1
-0.0019904523328000004,0.058659903854595005,0.00344098432023033,0.05869366422979127,0.62672,1.14141,10.67781349527492,6.257343803223195,0.09858452972558832,236,RE,STO20_b,1000,1
-0.0019734224224000002,0.05775048180233721,0.0033351181484020816,0.05778418939865223,0.64781,1.11297,11.210852081540313,5.862561558178967,0.19970761647641697,237,RE,STO20_b,1000,1
-0.001940900448,0.05735285603856864,0.0032893500957807795,0.05738568802697957,0.56875,1.07625,9.911007771355905,6.185183881325157,0.10928547702182795,238,RE,STO20_b,1000,1
-0.0023503848991999997,0.07077025233680384,0.00500842861581489,0.0708092714620711,0.69234,1.21937,9.77753316344811,6.825910533349562,-0.21083211772796923,239,RE,STO20_b,1000,1
-0.0022420242144000004,0.05934865607413952,0.0035222629778064976,0.059390989639712635,0.55484,0.9990600000000001,9.342157848620834,5.100735611546668,0.19525568894061848,240,RE,STO20_b,1000,1
-0.0017410669312,0.053527934281311924,0.0028652397484244486,0.0535562420496749,0.26047,0.47906,4.863485375960599,0.15231645006795835,-0.058908683737914004,241,OK,STO20_b,1000,2
-0.0016743393152000002,0.054227807387220085,0.002940655094025441,0.05425364970366386,0.25188,0.49516,4.642636972365566,0.31778194347381694,-0.0146117327464154,242,OK,STO20_b,1000,2
-0.0016509537504,0.053916448422220646,0.0029069834104659795,0.053941719093406164,0.26641,0.51516,4.938848899840975,0.33899036938754534,-0.06185709977713979,243,OK,STO20_b,1000,2
-0.0015811132992,0.053874479575362774,0.0029024595495161804,0.05389767591261322,0.23672,0.4636,4.392026112291094,0.2174701445351026,-0.009337825615927236,244,OK,STO20_b,1000,2
-0.0016759502112,0.05489372177785455,0.0030133206906245032,0.05491929988387438,0.27016,0.50953,4.919217844569163,0.3015361617438197,0.02106392643133144,245,OK,STO20_b,1000,2
-0.0020595871232,0.35924731420140227,0.12905863276092105,0.35925321802321986,3.2897,5.1256,9.157050890459594,7.453395794294279,-0.9874007765258563,246,OR,STO20_b,1000,2
-0.0018338199488,0.3562199020756571,0.12689261863479076,0.3562246222966562,2.9739,4.9989,8.348384176328496,7.489678614918022,-0.9793950986162298,247,OR,STO20_b,1000,2
-0.0018252092447999997,0.37116195530772206,0.13776119706785148,0.37116644306380764,2.9056,4.9389,7.828293894285307,7.41823034826009,-0.9847977429887913,248,OR,STO20_b,1000,2
-0.0022598828415999997,0.3802888195094741,0.14461958624390933,0.3802955341762076,3.3145,5.477499999999999,8.715590119089452,7.011244110863737,-1.0213374822022607,249,OR,STO20_b,1000,2
-0.0014527133727999986,0.3638111263791575,0.13235853567727132,0.36381402674088154,3.2208,5.227,8.852874719681832,7.7887188318591605,-0.9872461243979777,250,OR,STO20_b,1000,2
-0.0019196555295999999,0.13795251169491546,0.019030895482935788,0.1379658673741013,2.4791,4.8122,17.968937152243583,49.61715790406337,-0.6903605096479221,251,IR,STO20_b,1000,2
-0.0019510665408000003,0.1658691916685163,0.027512588744766996,0.1658806661591809,2.7091,4.6402,16.33161996950457,41.71693944009871,-0.9143746220482961,252,IR,STO20_b,1000,2
-0.0018620606080000002,0.16449407147090564,0.02705829954907541,0.1645046103268333,2.9898,5.8826,18.17456662193203,57.389600010792876,-0.7304252322991662,253,IR,STO20_b,1000,2
-0.0019150190656,0.1600228173816593,0.025607302082763884,0.16003427564364295,4.0211,6.627699999999999,25.126492333142448,82.51338040386395,-2.151087483857101,254,IR,STO20_b,1000,2
-0.0019614701408,0.15670654926924366,0.02455694258387389,0.15671882448827626,3.0978,5.6111,19.766610744529533,54.08235858401176,-1.0393259561762012,255,IR,STO20_b,1000,2
-0.0019782076288,0.0685608428129231,0.004700589167218348,0.0685893758000537,0.74953,1.44406,10.927785699420422,10.129823021161725,0.23977988006814052,256,RE,STO20_b,1000,2
-0.0019894282976,0.06720362321796963,0.004516326973622827,0.06723306328417678,0.94641,1.57188,14.076556291950727,7.120549699597213,0.12891640395577245,257,RE,STO20_b,1000,2
-0.0019108688480000001,0.0672195582164706,0.004518469006817481,0.06724671312838819,0.77875,1.4817200000000001,11.580491651884929,9.3469155641251,0.15574729202773083,258,RE,STO20_b,1000,2
-0.0021160728512,0.06361400512641066,0.004046741648223002,0.06364919019543444,0.57484,1.02656,9.031379633188692,2.90661701969025,0.02243647054812656,259,RE,STO20_b,1000,2
-0.0020385516128,0.06571287248351428,0.004318181610034608,0.06574448496043342,0.57344,1.12391,8.722252525745843,3.779585402034228,-0.05750795646941266,260,RE,STO20_b,1000,2
-0.0015318003232,0.02404897440135779,0.0005783531697571623,0.024097709060973367,0.10344,0.19984600000000002,4.292524228683745,0.22621361236266369,-0.01580503489464581,261,OK,STO20_b,500,1
-0.001565155712,0.02447733079473343,0.0005991397228348055,0.02452732018051731,0.11406,0.210466,4.650324583384402,0.157269262921798,-0.023288182064033304,262,OK,STO20_b,500,1
-0.0015132090464000001,0.024061730548086014,0.0005789668769686957,0.024109265409522587,0.14984,0.27765,6.2150379721157645,0.40182495881656033,0.010618331057686378,263,OK,STO20_b,500,1
-0.0015510218847999998,0.02480410421679516,0.0006152435859976354,0.024852550269233217,0.15313,0.27047,6.161540700697054,0.3381525421619678,-0.03560003173193902,264,OK,STO20_b,500,1
-0.001570467328,0.02316970849062906,0.0005368353915407283,0.02322287146691907,0.095937,0.189375,4.131142875103195,0.056081653360608996,0.010167738530946189,265,OK,STO20_b,500,1
-0.0019412504096,0.09051321410412635,0.008192641927459417,0.09053402885441578,1.2969,2.05268,14.325000404936072,20.17663027042935,-1.2696161062632882,266,OR,STO20_b,500,1
-0.0016190933088000002,0.0911960130017591,0.008316712787417014,0.09121038455438951,1.0609,1.71293,11.631351026344774,16.82636911902057,-1.0624330320672086,267,OR,STO20_b,500,1
-0.00220537576,0.08769362436436029,0.007690171754157524,0.08772135108626816,1.0997,1.6943899999999998,12.536286621013366,14.48639088026355,-1.1097804971682592,268,OR,STO20_b,500,1
-0.0015829508127999997,0.0922321000862435,0.008506760286318837,0.09224568293201901,1.2455,1.90691,13.501986872576774,16.399392048677605,-1.1075914630891608,269,OR,STO20_b,500,1
-0.0018022124544,0.09177968181675587,0.008423509994384949,0.09179737449467573,1.1239,1.84578,12.243269550864838,16.38040166219838,-1.1252652891046266,270,OR,STO20_b,500,1
-0.0018871023039999997,0.061302908725203095,0.0037580466181705817,0.06133194741141312,1.3892,2.2965400000000002,22.65051182349196,76.90112508135638,-2.1435996876233196,271,IR,STO20_b,500,1
-0.0019741582144,0.06164721181423935,0.0038003787244696914,0.06167881342183208,1.5533,2.4145499999999998,25.183688106590385,71.08325424154475,-1.4648231111942187,272,IR,STO20_b,500,1
-0.0019037040384000002,0.06588286997743872,0.004340552556464097,0.0659103682703254,1.6867,2.7273,25.590814378128687,101.18182577405778,-2.5239993197218444,273,IR,STO20_b,500,1
-0.001937781328,0.059677496696373074,0.003561403611945619,0.059708949148521824,1.4648,2.3044900000000004,24.53233595447163,81.3853985267785,-1.3980062611934498,274,IR,STO20_b,500,1
-0.0019537671712000003,0.05899928462724486,0.0034809155865266513,0.05903162536036011,1.0931,2.03638,18.51719300166889,55.18813577860961,-1.3248880400909744,275,IR,STO20_b,500,1
-0.0020009554687999997,0.02528072511946533,0.0006391150625659654,0.02535978874821488,0.27516,0.485,10.850248112550583,7.985441751918092,-0.026889310103384537,276,RE,STO20_b,500,1
-0.0019829358624,0.024324599787640556,0.000591686154828883,0.024405290194203285,0.23703,0.46125,9.712238539835067,5.768480770599481,-0.006445471698124564,277,RE,STO20_b,500,1
-0.002012657184,0.025275512472690137,0.0006388515307571146,0.025355518525508828,0.25125,0.47015999999999997,9.909085461897805,7.5390321452105535,-0.07951463985940964,278,RE,STO20_b,500,1
-0.0020372985600000003,0.026475385177656765,0.0007009460203052875,0.02655365522348789,0.38469,0.6712499999999999,14.487271027746287,16.59204715620443,-0.153867937395808,279,RE,STO20_b,500,1
-0.0020888870304,0.025305249815954542,0.0006403556682478674,0.025391319722961245,0.23953,0.43906,9.43353880827999,5.75889355825726,-0.03899078551116371,280,RE,STO20_b,500,1
-0.0016480016352,0.02226810018863439,0.0004958682860110589,0.022328998978921575,0.10547,0.19406400000000001,4.723454020467418,0.2685045535676607,-0.038421230330853894,281,OK,STO20_b,500,2
-0.0016451075648,0.022148042387489675,0.0004905357815980394,0.022209055821844424,0.091094,0.18140699999999998,4.101660184509131,0.20664869143935238,-0.008857457085611902,282,OK,STO20_b,500,2
-0.0016221616832,0.022148614548420605,0.0004905611264145089,0.022207938556762785,0.10453,0.18578,4.706875414520112,0.1408822194592756,-0.03619232128742604,283,OK,STO20_b,500,2
-0.0016540697215999998,0.021552834275741558,0.0004645246653175802,0.021616211785636587,0.095156,0.18265599999999999,4.4020664186510565,0.1624863176781246,-0.014358939426011946,284,OK,STO20_b,500,2
-0.0016412785119999998,0.02181648549380957,0.0004759590393016034,0.021878135991339764,0.11656,0.191716,5.327693366845287,0.17423827632526168,-0.010035750148872336,285,OK,STO20_b,500,2
-0.0020164531488,0.10976144425103386,0.012047574644072814,0.10977996505453132,1.7772,2.9086,16.188746271846654,23.92523515266246,-1.3409375611399197,286,OR,STO20_b,500,2
-0.0016849577151999996,0.11190525964794837,0.012522787136874743,0.1119179441348739,1.3381,2.11763,11.956080951482068,15.624063262701394,-1.1540970683158667,287,OR,STO20_b,500,2
-0.0017469446880000001,0.10615875840317344,0.011269681985703347,0.10617313125949653,1.1797,1.89032,11.111097374689919,12.999457978847612,-0.974659883861582,288,OR,STO20_b,500,2
-0.0024194925376,0.11311518930411074,0.01279504605130481,0.1131410623754449,1.5762,2.3838600000000003,13.93128159579739,18.03922997073928,-1.3214031621827762,289,OR,STO20_b,500,2
-0.0020204014240000003,0.1120002818030403,0.012544063123960439,0.112018503587017,1.4394,2.1937699999999998,12.849662813803445,15.548465570556463,-1.1286002086591418,290,OR,STO20_b,500,2
-0.0019237714144000001,0.049495792197694705,0.002449833445277376,0.049533164059367724,1.3983,2.34767,28.22957157196893,82.7907067298314,-1.382402198750644,291,IR,STO20_b,500,2
-0.0020730296128,0.05254998063829654,0.0027615004650853405,0.05259085392785409,1.1228,1.7356099999999999,21.349719887421774,60.38796124874476,-1.9670072778053929,292,IR,STO20_b,500,2
-0.001913304928,0.05643298911651704,0.003184682260624931,0.056465414160992745,1.0323,1.86558,18.2819875730785,51.913597470023866,-0.8309265682973128,293,IR,STO20_b,500,2
-0.002018096544,0.05979159601358838,0.003575034953852158,0.059825643895515764,0.99891,1.7129699999999999,16.697020457390735,50.546900944796434,-0.9907122851592249,294,IR,STO20_b,500,2
-0.0019598767552,0.05784137264376573,0.00334562438931497,0.05787456700667871,1.0939,1.8604600000000002,18.901221323587,58.292806441926366,-1.341109672698096,295,IR,STO20_b,500,2
-0.0020624459423999996,0.02795961980174787,0.0007817403394582917,0.028035584936355686,0.46781,0.83718,16.68629354664751,19.834182378058692,-0.3632905497081738,296,RE,STO20_b,500,2
-0.0019554076735999997,0.026434823504365563,0.0006987998937069581,0.026507046475926586,0.31859,0.54437,12.019068223588773,7.0783930818625205,-0.06792938111044812,297,RE,STO20_b,500,2
-0.002069388336,0.027809525831966653,0.0007733697269988206,0.027886414166830298,0.39125,0.64703,14.030129426442185,13.070984238085082,-0.22770913480301944,298,RE,STO20_b,500,2
-0.0020753349792,0.027116883148582554,0.0007353253516938805,0.027196182948527388,0.37125,0.64,13.65081271524916,10.05559140392224,-0.184738367180487,299,RE,STO20_b,500,2
-0.0019922703488,0.02777238664923447,0.0007713054601945771,0.027843753362958894,0.52688,0.90985,18.922736210590024,29.701405874672005,-0.4497961939354302,300,RE,STO20_b,500,2
